"A";"B";"C";"D";"E";"F";"G";"H";"I";"J";"K"
-280,986692548787;-39,192442732295;-497,006465061892;37,3653653588951;56,071622049929;26,7661101597979;14,473891548375;20,0065375282513;18,0677327814825;39,8576903608408;17,9141034410149
110,913157444128;7,59277532710904;361,458937004138;40,1700116840721;62,9678179088075;35,8403440905981;25,6232108239334;19,9304421858466;18,0355080966254;39,8364369130715;17,8543918219103
148,240977613571;39,7649859130885;192,037649206946;36,5529666534531;60,8286366096332;29,890325065841;18,6547908429695;20,1068289070017;17,857179836465;40,1873070062347;18,1334463600979
-492,98055634141;-91,5636954580183;-1393,04790207022;34,5976841536848;58,3573422366952;30,3705877125995;17,0231137320337;20,0035913499258;18,0094015867512;40,0292638104805;17,9249473726014
834,21308859087;241,701479577249;1897,43626270129;37,8855774566059;60,0628882880766;32,5095954183393;19,9292709369459;19,8777621693274;18,0233253370218;40,1838047749519;18,0164921576131
-78,6677758672359;24,8002249626551;-190,368342128511;38,8425586601346;59,9768551944738;32,2461732578752;21,7681763819826;19,9473395109348;17,8841548632647;39,9049893468315;18,0088117208459
-96,2706126789255;65,4592366785347;-6,46413944094832;40,194273329115;58,0233196383117;27,2749960638055;18,7270392821347;19,8961634851945;17,9547910823229;40,1124022701966;17,9861720920573
-364,401836720431;-110,288361253613;-883,780876159234;47,4196679171326;62,9282189650217;29,9455136620669;26,3894597571306;20,1390013881948;18,0007850349159;40,0246364490905;18,0591295035453
-716,698535979004;-130,356054535785;-1765,03520989671;41,3570768494855;58,9871328646381;26,2834274572784;17,5839744921281;19,7588448347982;17,8200868102178;39,9363769894607;17,9228255025508
-76,316742737593;2,41653560500036;-509,286852123391;39,4178862630507;60,1329052001691;32,6170771905861;21,1819276999256;19,8496559536179;17,8273313598953;39,9919741238915;18,0695361793737
-136,91147264523;-88,4795677896468;12,7112056939532;42,1567812084918;60,3646172056811;24,6142473347148;17,7126468433143;20,1289089293689;18,0906877089027;39,8566602197251;17,9104854136124
-135,792680950386;5,45399293861622;-305,690136190475;40,3019295737436;60,106904991469;32,0427829046443;20,746860656981;19,976729626972;17,9259428480795;39,9787944406357;18,0158558721768
186,491065974875;39,6423300928544;471,320951833884;42,5603911057934;61,8852548269428;32,2878469940195;23,9028653437207;19,9507320378877;17,9639442558204;39,9404301053268;17,9021429861426
-266,266141929139;-57,5258943767305;-645,29987951908;40,6488239727703;60,9975048790391;30,4998269443649;21,4965434711578;20,1019110572334;18,0446888510888;40,085120170854;18,1317277230253
94,0396400067631;70,5307407666578;453,772620592587;38,2523889658138;59,148368078473;29,0413148457067;19,176540134724;20,0726269907268;18,0533217423115;40,1116100126342;18,0263398343221
93,0001183764618;47,7221843542564;-85,9407872483031;38,0026042664332;59,6918973557067;30,5520775431076;19,4044730510188;19,9644427584472;17,8545118834316;39,9586977728248;17,9126022586122
-232,922189608513;0,840577303908645;-719,030645465212;41,2817346819909;59,7555660621321;28,0185318381503;17,6084862832395;20,0140497708296;18,0160232281964;39,99094943235;17,9039961128838
-169,449830924236;38,5421435861814;-631,188174624301;37,3985237805024;60,904427229768;32,1900976907086;19,6839587420612;20,0681209041779;18,0038740226316;39,9591277610356;18,0322888057317
-593,443558364046;-160,187521751529;-1416,58509249794;41,3523877141301;60,3190635465419;27,4159338524706;18,6179802537635;19,9324089756445;17,9702260908164;40,1837662714098;18,0880990162519
292,991338179269;132,070882356013;730,222053338586;38,2113248562323;58,7188029531407;31,0068369465337;20,6616087345996;20,0642740713757;18,0016538682048;39,9295366373883;17,9589380082551
459,759273827153;145,445879529599;742,596532994274;41,3785712308156;60,6643525375234;30,6480641614913;22,0699464741464;20,0679781336289;18,0344452016637;40,1030692897285;18,0777374009477
12,6736444757982;69,3292048868181;92,908004168295;42,0047960176512;60,1103210179769;27,479636301924;18,8996544146307;20,0861427918521;18,0285075552583;39,9113452153749;18,0086543917952
-79,3588372077366;-5,16817807515456;-154,269539841012;39,5266796816766;60,266873883692;33,9138490584661;20,8665800277878;19,8757234292317;18,0767770792106;39,9212482730842;17,8520814130113
-428,092450785418;-109,901300911999;-1207,60463454693;41,9309542493196;60,8069235527002;29,1383177301551;20,2747953385431;19,9841203648953;18,190118201703;39,9512673846258;17,9551161971104
-134,602918198569;-34,4853013858674;-571,225024409995;41,2306040568388;60,7300089478805;29,7905026246258;20,1197169781779;20,1869207636366;17,9588057625838;40,0461838924209;17,9538692078736
26,1808798750694;11,6172353012607;189,017697221565;40,399219586773;59,7586585873339;29,300586977328;18,0618548549939;19,9157244640527;17,8336050692575;40,1649214496771;18,0111965786511
40,7506046736183;59,1692763188299;418,257258459008;42,9281746072728;62,4815887243414;32,0329301493677;23,9487959497071;19,8280353508629;17,8758577584513;40,1259920346013;18,0424590558643
-312,308044153218;25,7014495063419;-863,284709523676;41,2405182162232;62,6227115591951;34,0050527480036;24,3896273649876;19,8756934586177;17,9345084178781;40,1801713232136;17,9951395002491
-598,862007310652;-197,543806504592;-1709,717543495;42,9909963596565;58,6218750614028;24,7579120398202;17,6407078766435;20,1362363498729;17,9627414468185;40,022130211659;18,0571748768064
-150,401302536033;-19,2859833892549;-370,51711279106;41,1509036098961;59,1596840542964;25,2509647754593;16,946617496636;20,0270562242727;18,0877554989818;40,0283027565468;18,0394548592977
-36,787351690709;-14,0146301874487;-248,837823074588;40,590968907833;60,2866013557363;33,8320935997228;23,6232842245043;19,8861454101565;17,8798397830273;40,1495370090762;18,0600443970587
-66,4869436967364;74,7528637192704;-1,09139648248492;41,1696465791507;60,2096255770352;30,7246953585016;21,5795385133366;20,078577086073;18,0341335527688;40,0965799607436;18,0248446691009
252,881323788256;85,7308494622791;662,44886294553;37,8098419897177;57,8535152959665;30,033211111805;17,3524820769211;20,1360807261014;17,9667492806448;39,8390788669615;17,9350261773094
192,478544440277;22,0881942771259;459,853230999188;42,7732483567533;58,4006444093509;27,3746466543759;19,6868775434187;20,0482584484144;18,0026665582657;39,9568582883491;17,7614097155998
-380,176930557143;-79,4652313810324;-1010,41736167458;41,2551953492034;60,3231164205589;28,837990339149;18,7794980280007;20,0436519404145;18,0207531990029;39,8539937782604;17,8747891070553
68,5737823091258;31,5336210097367;-122,275978733472;41,294210218488;61,9322445186375;28,4438591462305;18,7740404710464;19,9005184631875;17,9604809463638;39,9963119327702;18,005082902235
-528,312526439426;-113,708590976137;-1082,96786408382;42,5436571962632;60,7984095513615;28,9194024174452;22,6915262907422;19,9424066175439;17,9783221896306;40,0045289046862;18,0323390553776
347,665096884257;152,989262252413;767,288453474909;39,4416521112529;59,534440147984;30,8898186121999;20,5430215813713;19,9644155413687;17,9113033814955;40,1236408037398;18,070602369461
-503,018660535926;-73,0306454608501;-1145,92411757397;39,7202341443222;60,1233826669052;30,3607863649118;19,4426364191699;19,9231281229505;17,9609829778691;40,1104344249781;18,034702548167
-534,612167012483;-106,753958210184;-1386,71585498892;43,9990910667385;60,6527869852396;29,4215492440878;20,7758414065663;20,0117188255526;17,8855356157231;39,9817518934134;17,9484670764895
38,41569498146;31,384911612582;-58,1494165413732;40,1388698113894;60,514315632854;34,5934518880007;24,2002099515783;20,0330319367527;18,0100595768548;39,9490143890369;17,9583560416706
335,520317447853;126,084028160436;630,895734372822;39,9340490480152;58,4848627704729;30,7925703101421;20,358561932961;19,9509945972036;18,0563486657668;39,9812291398432;18,1421377251465
211,553106480187;49,5945935017325;745,701202122828;42,4065310355582;59,8632240893105;29,9791279433654;23,1091609280094;19,9243491545681;17,9259845418077;40,0957780611425;18,0276307016266
264,430069195066;115,752410228559;681,771246657567;39,6599919807814;60,7060056642871;30,6567129010904;20,3075236132996;19,9978049758301;18,0083088682251;40,0839304319992;18,0188413890594
-525,554066405361;-97,2083414303097;-1306,59709674186;44,5023944241602;62,0126625153846;29,9666076421341;23,0384216784177;20,0472943243192;18,0085214505306;39,9531064271752;18,0262776393299
-281,275899441205;4,79491043189941;-396,764494324346;41,8110550419006;58,8964991408358;24,6320998435258;19,4300386408452;20,0435444594935;18,1127430628994;39,9612047817776;17,9772749941183
-230,635795555084;-49,7901676663689;-868,517771169055;39,3193671897184;59,0108534762617;31,237612585657;20,3918355566951;19,8941582075498;17,8629044555631;40,014349128103;18,0074686170747
153,847998359304;77,9169116632062;351,109327709302;40,7731412582747;59,5686363005865;28,4158178702744;18,9796931477844;19,9444980951954;18,1012813417912;40,1016110819259;17,9885769820599
-122,491128567147;32,0768962371009;-363,472326362721;38,0053237869633;56,4086445254302;25,5052635629763;14,6270826708207;20,1267092575188;17,9719228424893;40,2587969867652;18,1081940774318
-256,433062709394;-100,286889527242;-690,712890408368;39,6560256786573;59,3401897349428;27,8476431194739;17,1073543755732;19,8908865715602;17,8771551322059;39,8714566481323;17,8868948870708
-418,964689235737;-44,8796878666796;-1011,26236230039;40,5323890838703;61,225986832772;30,2268822444404;21,3508089078108;19,9141831397348;17,902577076305;39,8487107007155;18,0138953778612
-569,301588742899;-104,274695434276;-1458,4783505832;39,8315596361095;60,8505196201948;30,4198615660027;20,2824391043163;19,9709244081373;18,0816002037585;40,1602450010747;18,169659129272
357,157067041523;185,92751408374;777,333394886861;38,8106505790178;60,34528728211;32,5329857353858;20,3900605223793;19,9259813459899;17,9583411442319;39,9697459258418;17,8916565206038
-163,803228957621;-6,14276843084582;-402,79114961822;37,8768986759909;58,3752390352266;25,2440684778333;15,2701026444305;20,2152000400786;18,1550590811394;40,0556806412198;18,1658789236019
-220,187764404685;0,901097392583811;-398,437069393928;40,0507538140637;59,902957293049;32,0286621782598;19,7956005704269;19,7176608932057;17,9800076104125;39,8911396580825;17,9375689011044
377,113203135167;157,980524312055;958,618457592957;40,8713402487536;60,4637340524627;31,7043253067508;21,9006993168847;20,1305129367674;17,9973983326194;39,9127855908695;18,0488921820038
-105,930968898645;56,4689566048547;-387,053471086649;40,9950147640327;61,0879342280144;29,9967279479583;22,0068289646708;19,9361573783146;17,927838987895;39,9149199636021;18,0634720633492
-465,81489734071;-99,5395591272697;-997,241273010892;41,5476450976276;62,4714190846513;32,9906373883625;23,0956046200637;19,9924957390098;18,1594643823201;40,0181835432759;18,0479790694375
25,8714617633192;20,1016353094458;382,692119942078;39,3753594414816;60,4384840032692;31,0129355151407;19,7150336207645;19,8408248823498;17,8882564516122;40,1044513013593;18,0750002358933
263,561245452621;89,0883974222567;770,3018854867;40,2820153531632;60,7459055707981;29,0210224940735;20,1786497406739;20,0394310302644;18,0804265560473;39,9194852426926;17,973512404005
-72,4667579511791;41,8804498229095;-80,0120978480458;41,465579676462;60,1041621432428;29,1769633552328;21,090579066583;19,8825078125679;17,919741809433;40,077658714234;18,0228560927843
-125,177080697484;-89,1773711496967;-546,797973869462;44,3058263686908;60,9150957643029;26,5933608153577;20,7556048570238;20,0719493808098;18,0089481991917;40,1142783184461;18,0955685772366
420,360430607328;163,132014703629;936,151848461029;40,3774519885796;59,0009245304402;29,0349654929799;19,7079475848746;20,0035869542326;17,9580128052928;40,0595571243894;17,9740786684262
159,113715970849;64,7701009544268;328,856746492933;36,9636019819294;60,6070261797089;30,7499356891945;18,9222359236186;19,9048950965858;18,0222926170973;40,0364083753137;18,0020619727044
-380,491012493798;-6,55362886021133;-933,956062976859;37,5058932830268;58,8523662776189;27,2840969825806;17,5425236941791;20,1634608290155;18,0610213923512;40,0240670100796;18,040109882408
601,564480769337;238,126541946499;1349,36303793948;36,7969431210182;58,1868056276804;29,4937633839872;18,179034305502;20,1273146221634;18,0938910504192;39,9895828312463;17,9356225686934
-304,628231981139;-107,839756623829;-819,889504782207;35,5347235590813;60,2052322811627;31,2129627393158;18,4724884717362;20,0370000352074;18,1618958284933;40,0703267427652;18,0742724717228
-312,175019493932;-131,979564860348;-1005,3347301517;41,9148502076694;62,4964296533767;33,9539537798568;22,7926920243286;20,0009165892449;17,9728161646649;39,9452303693349;17,9399557777341
-7,52628507578166;53,93630008438;103,605866906318;37,5645494346839;61,2371998644282;29,9237998336918;19,5975349775757;19,96932105031;17,912543496635;40,0011743633632;17,9886535544327
-156,233530882749;-23,8683406310006;-514,315895060443;36,8556552458657;58,5569219208049;32,0906815947298;18,8022345984411;20,0791943151625;17,9700840225937;40,0974447247113;17,9269468834838
131,138067907483;98,9083544135979;227,849544012428;38,0531027754915;61,2519528210775;33,6021149875399;21,0375114543305;19,9845546726624;17,9156955371613;39,8977622034441;17,9203673032109
-427,445943772454;-154,539889908236;-1483,60109746415;40,1923346560079;61,907301011287;33,0878441045221;22,9091813428811;19,7352143671477;17,7895122531695;40,2927511945212;18,0784888071272
246,656186539771;98,6758677969765;745,899171077213;39,5693171902006;59,6646956590673;27,5815117899663;18,1892162523135;19,9645902305245;18,0222306883041;39,9628548008175;18,1028376424576
-8,0093962350627;47,3869213002418;28,0111023612815;37,3586072578221;59,7018820512785;31,1199153208767;18,4708805999415;19,8365645280485;17,8100346085894;40,0655389386118;18,0506250350324
-0,350732408239395;51,0467618226444;190,071484723504;40,3022543290008;59,1264422504904;31,6084418636198;21,7094101599321;20,065879374464;18,0258683249793;39,8420465202186;18,0125137498872
210,615548420315;91,7654323885758;800,866248985388;38,2058685493739;59,0560205962651;28,577180166156;18,7106757482831;19,8359530033306;17,8304918143712;39,9702350570476;17,8787593512573
16,8465388678796;70,381165915699;-36,5320054921818;41,7352895118873;59,5600271826798;29,3481225553458;19,6786190513234;20,0725580944573;18,0489145705159;39,8106510916102;17,8596910954214
108,4905399452;33,7745006822631;202,185815811185;40,2069158816767;61,6744715847012;34,2840748673997;22,4499841822986;20,1028933320163;18,1498890494453;40,0257147165105;17,9403736206506
265,253398542235;146,851954426174;518,432275194628;36,7301142980346;58,622442358265;29,2031450879687;16,7797199117692;20,1027240413158;18,1141209317416;40,1447158576252;18,0277358332022
546,646844186206;254,577615516549;1258,3792905757;37,9529562673538;61,0351859149936;29,9170170221296;19,8175813785875;19,8875049967664;17,8436447435337;40,1047698687318;17,9182915889843
248,174849497435;81,0773697761068;596,629864888042;37,7535918842054;57,4544893506775;26,6189425993464;16,2579959993284;20,0831531415749;18,2351558726969;40,044578792876;18,0329697616002
-481,931481640836;-104,423902789902;-1331,21017535391;42,5433267812174;61,2731634759743;33,3091472981009;21,4490483023957;19,9407045072351;17,9180068473265;39,8657922683313;17,9614539848925
305,94320665685;106,558419635248;670,22837203318;41,4393112610762;61,9323843552399;32,2107832447892;21,3633890356602;19,9318230332733;17,8471979235586;40,0171214204984;17,9779935309241
-115,258712886979;-53,9044807669092;-215,039611222472;41,5465474305279;60,0357607636047;25,196794697471;19,8157821773214;19,9238648305117;17,9055768711963;39,9822149040242;18,1129790755053
122,614734284942;-26,5678845744992;460,127852400631;39,7810924041151;60,8909603008135;31,2791588667487;21,291270343583;19,858360882146;17,8257530238666;39,9609586518665;17,9780552327849
-104,750593662464;-12,7457724446499;-469,20170018057;38,1917884377817;59,0965198182845;27,3883347610761;17,8541876553388;20,1449168526512;18,1106850780505;39,7622702565951;18,0548753670967
152,690359647405;138,652194795082;662,374655873411;38,7146235309542;58,5546476304697;29,2939742170838;18,387063538132;20,0140019576063;18,1228165810092;40,1294770241239;18,0101927166246
-424,263154943035;-137,969272615955;-1203,68608569429;37,3453525345559;59,8335222054904;34,8248752450708;20,6009428804345;19,9975524278747;17,9783738041531;40,0694789225294;18,0645331368327
-41,6230509584174;-5,43678716757424;-290,750490161311;42,0962692100377;59,8003270868868;30,108325723645;21,2699470883707;20,0810141015512;17,9593918951609;39,9562983695194;17,9396936200498
163,293945552304;75,410469311226;237,959695107312;44,1249787924544;61,7441304331506;29,4455110683174;21,849724256469;19,9875755599898;18,1409943640402;40,0924056582857;17,9823420488829
-70,6618026611962;-51,492797807191;-558,968243159116;39,1195049715148;59,6528074000054;33,0372980547895;20,5170366734884;20,1830563550432;18,0031812617162;40,1131664861277;18,1109165461908
-109,52086403317;-60,7681830181196;-471,298263075524;45,1225584976659;60,9313838193575;25,5566897226147;20,8403195741517;19,7974047839083;17,8404967713563;39,8856259843077;18,0308574577137
-615,811675317905;-61,8037047586836;-1442,34033224633;40,6688293521074;59,2534937311382;30,8653953917354;21,5273705101419;20,049396081438;17,9995923930541;39,8857435683855;18,0028308418944
167,314538565216;64,4753659125765;290,688344831381;41,5531740825818;60,5474738474295;33,0862400587032;22,8144424178948;20,0393720418197;18,0432010563717;40,1216766495664;18,0105847592911
13,3660011327783;-35,0258563584388;-110,451462852415;35,9002229448921;57,1795023053058;28,0583721639278;16,0104038641406;20,0619786513708;18,0195100167049;39,8280211737473;17,9084843570655
47,7813332672621;92,5432232904865;-56,0153047663309;39,5564341616542;58,7860579539378;27,6692285917009;17,989095784938;19,9186524946768;17,94034070445;39,9221535997117;17,9200219965258
223,558129059027;78,3975536517059;628,205290401398;39,519487943598;60,3093530992279;32,0443793839456;20,4878945649845;19,890686494401;17,9279869300022;40,0764815593947;17,9937263494979
648,037901337344;207,165875544451;1716,23237242136;36,5141445184907;58,0925104628969;28,6556373505035;16,7205607936492;20,0700899013638;17,960623429402;40,080424002655;18,0655285748756
223,413372014119;135,462631581182;603,486427834059;42,3115925183885;60,990075016806;27,4170339234187;19,3534670952;20,0783697074153;18,1192527638575;39,8745157306589;18,0074019042632
-97,0133798953091;36,1468599492561;-474,461983459299;42,4699319006464;60,8559530922338;29,5233295912063;22,9219914571533;19,9531030991066;17,973935090286;40,1484630614345;18,0314384410767
157,265788827234;37,7690486197514;562,520696275071;37,5091120770756;60,6591053888058;32,0689571329255;19,8629993557858;19,9713209289133;17,9198439180224;39,9573132876721;17,9725148897003
-43,0824316293656;17,0674064096386;-9,65948836081287;37,6080747555725;60,3323837200567;32,8562792589058;19,7458063388148;19,9328390578636;18,0250518825914;39,9432907407863;17,8128757620893
219,014873027278;53,8921999364724;485,692527074863;42,1521506055203;60,7719499155694;28,8911183210041;20,0589072937428;20,0434880220789;18,0393356244728;39,9768977222772;18,0223671576987
-156,899053033021;-4,45998544485714;-583,262838256321;44,74645665094;60,3111600187369;27,9376103194948;21,7780787164796;20,1320037038916;18,0347219989822;39,9644713267751;18,0011594080263
25,3486752280898;-35,380922127757;289,371394761643;38,2469862607909;57,433135833387;25,6855128448681;15,3115994665564;19,9159673305468;17,9061717701104;40,0768325924253;18,1045165640002
47,9806208743956;81,0496575197881;-150,373132475192;39,8801706977962;60,4502690820772;29,9028511783995;18,9197476831046;20,1367763920872;18,1342524674948;39,9760540063588;17,9377821472762
-347,716506068844;-93,6395969223291;-843,182974124514;38,3937567508817;58,9068082100858;30,9160368685434;18,6990112638215;20,1868912718465;18,0719110260721;40,0720543532688;18,123630813221
-501,292534294949;-106,984841948535;-1220,51330566448;39,6429769306434;61,1207266695714;33,7812771009636;23,5363968666111;19,9044347841498;17,9334461870803;39,9099818986392;17,993024813198
-266,981181218629;-5,68137251455842;-947,173335786585;35,0627425896872;59,1579272803087;35,5249973405546;21,8528287857031;19,9556956836507;17,8028723780621;40,0265340864514;17,9238357180955
301,95007160476;122,483766532961;715,743259132608;38,9078892630258;59,8725672817462;30,0647493520781;20,0832806194207;19,9873856800558;18,0053238742597;39,8746062436754;17,8508703531469
151,757293123314;43,8297180944333;422,801647462262;43,4755638558129;61,627505328627;27,7472098179289;21,4002072382041;20,0384913672213;18,0446775304714;39,901735554014;18,0419516920069
129,785892672815;38,4954148244061;374,140428946133;38,8669097820972;58,7181261483159;28,8520599985268;16,8608646951441;19,9383436298052;17,7308203069346;39,7686035217592;17,9792079969814
-1,23398138057284;5,82776607695511;32,6966074718781;36,0312652993768;58,8601302242754;26,8619997621951;15,2829205611631;20,1874863969161;18,1993327882094;39,9617365305015;17,9182735898618
324,704627873471;107,577823530281;920,278496842657;42,3563833810453;60,8767347348271;29,8834863835751;20,9299260534615;19,9712678317982;17,996017090086;40,1748195019185;18,0907734329247
323,850088305669;60,5410786458932;1085,87550938122;39,6052088784791;60,786968470713;30,1155066827603;19,7312353180898;19,9785187365817;18,0402958416688;40,0440371790441;17,959791430652
-59,1061501535226;-62,1371188886305;-463,544163104254;42,5678928534308;60,0806461101501;25,7363641029675;19,4960535186476;20,0887473062674;18,1666260797376;39,8943367119253;17,9773087314598
-94,4809133882759;-9,86701285220171;-261,782850048073;38,1008837044299;58,3593940742499;28,5977894568501;17,0157434189228;19,9590651777631;17,9968094174916;40,1610538170795;18,0629646208573
-67,5688780043397;10,1634685054063;-135,112162221957;39,528606757009;62,2749134435079;38,2826047410203;26,7847275591983;20,123237411426;18,100265325901;39,885080123041;18,0225867919458
-25,0019955293628;-15,4504252781699;136,670131629552;39,7811506640687;57,2957898658404;29,424441636025;18,7828536280635;19,7476679124151;17,9006309895557;40,0223999673362;17,9801597655665
-191,358568619938;-74,8036757357338;-470,715217951463;41,1919156905631;59,6757889011384;31,6175140123074;22,7294922574639;20,151842464528;18,1300746901593;39,9620719931671;17,9410250513605
-253,384459279287;-25,1254906472111;-582,78054702598;42,6604702426833;59,143240497383;29,1807368035785;20,2648356787037;19,9784696307715;18,062588384573;39,9123737357567;18,0513394379474
-866,881466144323;-171,676723783904;-2128,25947523804;33,1847842116269;57,4799635522651;28,2720685057801;15,6856700949193;19,9183524082749;18,0535604197507;39,949399180535;17,9990549950886
46,2681389844434;46,8310791957526;-53,1078877687387;43,678304089538;58,7675972173433;26,0746139584611;20,9638197881773;20,0398418872355;17,9323616391395;39,9843185245773;18,0502717861881
33,654573015417;-15,627886452448;-187,886261005547;37,3867396730421;59,554218225486;33,1562902576204;20,6515204981411;20,0786479595469;18,0294283653803;40,0347561291927;17,9579255950829
481,447189960921;102,694073044833;1239,64683879888;36,8484085540893;58,3388493992441;29,323456522596;17,5782374725832;19,9799786200921;17,8030788317442;40,027865540254;17,8785230898458
-102,810472053664;-15,8056147848651;-269,538656319657;38,1469244213163;57,9438091845767;25,9729068380363;16,832868567035;19,9848176589175;17,9696100653724;39,9808874357008;18,0455259741866
-313,458212367948;-63,3210233388819;-555,288647116773;36,6046265588963;57,5418165133065;26,8931242421975;15,4965602035568;19,9050564852986;18,0541682092888;40,1444244709229;18,0154015641271
2,12188565957229;2,59940658304112;179,897820271767;43,6420415634961;60,1501667948296;28,4375296658507;21,1352177907142;20,1048938287072;18,0170950510311;39,8875400494674;18,0371341295461
191,079373955392;40,1258374237881;174,928981545466;39,9234067028002;61,1371254636071;32,0996158283983;21,6383933809894;19,9393472314716;17,9452641084676;39,97067027573;18,0590386774624
415,267325129617;174,424783560669;976,163070719216;43,4215702323186;61,0417293659836;31,199282885763;23,9016158706182;19,9835671332655;18,09414691111;39,8973003068709;17,9716199197093
-280,420688856276;-97,3971080641316;-952,061327799045;34,8195350088715;59,52492426601;30,6511069638994;18,6660444810819;20,031431782249;18,0537487534094;39,8689885159771;17,9164772477054
194,967118781014;13,1335040262678;434,161272214745;38,381291071671;59,1544460943634;30,4403100113442;19,0598638136293;19,849396382141;17,8080105923999;40,1238267341081;18,1256747471464
-185,92943691092;-3,46544405268226;-380,953973608734;37,2689414353757;59,3321102867668;31,5290923294143;17,8405421886744;20,0348139978557;17,9502861137246;39,9229381304345;18,0062903291649
-108,975759985017;-14,0350680593151;-203,85629292128;45,34669154827;59,1517108893064;23,9250727751387;17,8129164337931;19,9127518632579;17,9249512344939;40,0996162769678;18,0118727884381
24,0250105674141;31,3087747149659;2,49188980546213;37,9081350095971;59,1730843449077;30,9768568757493;18,7493159141385;20,019672253873;18,0061826183852;39,9295264914354;18,0384640758378
195,002191515509;100,222009242176;382,485528052394;37,6112245193261;60,2327497722227;31,6809204563877;19,8459365542858;20,0111090862569;17,9142113202385;39,8164841676064;18,0029620312222
156,949261533598;60,1898592547018;398,679945819223;43,4390322922746;60,7292729217475;30,4368319601154;22,9194361186394;20,0765868832487;17,8917429567359;39,932849595048;18,012692491113
128,591688469072;67,9504547142365;183,178135419203;37,2430348747353;57,9775983101771;28,4006693484303;17,1318039936519;20,0194121148517;18,0674138157164;39,8899898767193;18,0245367376736
-6,22695167694818;83,4918890248401;150,887709773095;35,095653331748;57,7400466179746;27,6341821939514;16,5489874870214;20,1249286853104;18,060820567504;40,1313266777713;18,1870701071574
-9,34008209816936;-22,8975238708974;-117,322238800621;41,5852168974556;64,0035840380017;34,1988627543752;23,3349290477947;19,9543611990559;17,8702068601454;40,1094718110244;17,9493760413974
-460,760926738596;-141,05719011333;-1644,69555099521;37,8706295209706;59,3109389415748;31,078076915596;20,0123109215633;19,9893260290712;18,0089506008938;39,8437984772039;17,9275057155514
185,872995549562;122,834981169977;294,479167032268;37,4218163918432;56,7200965691914;28,1299656979392;15,4493127280634;19,9572931177973;18,1199432429839;39,9377501090362;17,9699104412084
-418,73179434204;-112,488908411294;-1145,9403434365;38,7416481688487;60,3671400755024;35,3457841604676;22,2164025447448;19,7801527936203;17,8750164147002;39,8869961367379;18,0338066228688
145,043117294799;97,7904063236254;208,858660760369;37,47956988003;59,9262096569058;32,8649043155302;20,0305525310134;19,9784663818345;18,04507945988;39,8696319474427;17,8682591059758
-93,5965986499786;-9,31474194700705;-277,74542796785;40,3613770855088;58,4685572241485;28,8556661984527;19,7211414966643;20,116932455624;18,0596379239348;40,0656322279362;17,9640988042837
101,358757662637;85,1448289257728;280,81643117537;38,8483478227173;63,5474090000399;33,9420699413804;21,7368824793933;19,9672934175097;17,9538711551355;39,8405908123612;17,8954125515111
-526,866157976423;-75,0777176607898;-1205,16851354328;44,3250674036378;60,0906095955262;28,3785922703526;22,527957108489;20,0046215292791;18,0613016597593;39,8317345264087;17,9484858851271
-320,531109162244;-84,6380922519784;-826,305294532206;42,9322855369329;63,0603557980742;30,9323836851012;23,08830368005;19,9241894546892;17,8089045640453;39,8930032535098;17,9815083361781
350,355088045259;92,4298215186238;779,795069373269;39,7815697917498;58,565831982805;26,8744261280819;15,3293179479526;19,8984809691837;17,9118874970332;39,938841562241;17,8876366155288
0,1605296764576;60,556490364193;-250,371548677998;43,3864772796121;61,4985948606177;28,8772890348344;19,813053718945;20,0757704452484;18,0435904068486;40,018131439265;17,8852515669419
137,481077552231;129,463384398118;372,134570750529;40,3590024869579;58,0783994248268;23,6300547678575;15,9056532865132;20,1174663081409;18,0975093056813;39,9129031364005;17,9989249030158
195,768195938926;98,701481908072;544,160540257631;38,9457488717298;60,6562156736103;35,2327238819215;22,1961103234791;19,9368491022602;17,9829620349704;40,0232988544202;18,048306687463
449,776167553783;162,923632401207;1394,84092924145;39,8353334023817;60,7329531052144;33,1926438923363;22,4575468087943;20,0129270369054;17,8997775100483;39,9384819894218;17,9870988265979
227,762623884547;70,7312613200499;601,540225920051;41,6833682635572;60,4756487817359;32,1004847118416;23,2326973098489;20,0051966371245;18,0743712947283;39,9883350100858;18,0018857123217
149,568893447181;114,917004385085;634,1764534352;40,1313850643719;59,2775069712945;31,4316404038848;20,8506583374661;19,999986595346;17,8630722163758;39,9332178061356;18,1055454706036
180,738927271039;70,6285506564727;242,86303632078;37,1728697049878;59,0159759661535;30,5160351062088;17,3782495699686;20,1946969039485;18,1284856528472;39,7854152549016;17,960827697083
249,738492257642;123,985274556096;856,400860140348;40,0329352731361;60,4368104581409;29,8897694422031;19,9893911924351;19,9770732425898;17,9150951700549;39,9607305251098;17,9801317697249
97,5686502914236;48,2608143470146;284,865644846857;35,9986603466103;57,89276724269;27,7503465260995;16,4501260204584;19,924164820742;17,8956868378573;39,876968533473;17,9507113498389
-323,557394476504;-80,8054986213818;-1101,92537395119;41,9101651353176;60,2223021463415;30,5416424722124;21,5895378753667;20,1066925312561;17,9772656054276;40,1656913282543;18,0840909251989
323,428790348314;24,6826904512475;515,335023374803;39,742410991747;59,1312032109635;29,1031435747679;19,3288818221927;19,9261235555708;18,0847798191808;39,9956171800803;17,9159059142458
23,8686531389431;68,039561763513;-63,1773169416755;41,0224572301418;61,9553258399321;35,4451754340128;24,5562925880275;19,9333346897387;17,9815029033702;39,9287015284792;18,0249737316935
459,387832470798;126,624177631731;1178,72301251658;38,5277530684283;61,1524630197976;30,4779140777465;18,6322940081455;20,1076752421307;18,1019608357227;40,1250940280953;18,0026971601208
193,715725042298;41,1253256777142;580,236180238489;41,2186398000051;60,2361897875207;28,6023074433402;18,1107269549662;20,0291152256616;18,0272536198151;40,147295441188;17,9265110739887
-108,667712255993;35,2603084017626;-208,621829029938;42,5880364327326;60,482942521633;28,6359317729493;22,0547390592025;19,9617763487246;18,0461330930729;40,0875133433502;17,9623218307448
209,451192684713;109,965770122657;562,46081309191;34,0747002225541;59,764700105751;30,705764307051;17,1224453422994;19,9600432638475;17,9842844634918;39,9840544927855;17,9598470543559
476,850108600334;130,193851395787;1211,74250163992;39,9492533496185;59,3949972121191;30,0621453406125;18,7084686694899;20,1150258262003;18,1161972825941;39,9427715303387;18,0338849187989
67,0685931758129;-12,2230628759853;154,192182302796;35,5738113586911;61,0395569692466;33,9224178886219;20,5868300469847;19,9551636338478;18,1028127386783;39,8472204363646;17,8726000095644
77,2540141054392;78,606402432583;389,388913351761;38,7959871739858;60,8024208082545;32,9024977166433;21,2450655481702;20,1169877896935;18,063118756147;39,8305105946199;18,0876168566479
-197,103625851874;-11,1531720466682;-517,733598397883;42,5167662083536;59,7827697159246;30,6333270518971;21,5282033252986;20,1789482323927;18,1353973512882;40,0334276374842;17,9645604364938
-62,2106192884731;16,6285191095765;81,0273006508711;40,3485386930472;61,751976248739;32,3734526043462;22,8039303750165;20,1043685442235;18,1150151485477;40,0136378626707;17,938998718101
-260,382530835417;-70,7670923399417;-657,203832691193;34,1907614567219;57,4738227238914;30,8472206441271;15,9398216496942;20,0250476509547;17,8947312656798;40,1635893021391;18,0545660668133
21,3336808684079;47,6628731521818;95,4300081342083;35,6055370249108;57,6648894982508;29,3740436539373;15,1564393709386;19,946311732917;18,0562600328252;39,9960225659171;18,0194487798055
-225,073850790767;-55,7770462342113;-971,981126259624;40,5864011986785;61,6024930300886;30,1019954326494;21,1638682543215;19,9961749462017;18,008295298004;39,9084394960539;17,9196955438159
-206,657267166357;-46,1919836137032;-814,71482712069;41,6429727230712;59,5047355193439;26,4900820586263;18,9057599023206;19,866247133658;18,0533615805395;40,0101081983808;18,0577187432221
4,67957557804107;88,1228726168575;240,519394204919;42,2804788385638;57,1329041906875;24,3456180583811;14,8185030332172;19,8335695678864;17,8241166282749;39,9666137549226;18,0496908898561
-133,208909400575;-19,2396112284222;-374,460574976606;43,7413680711767;63,0091983369964;35,3306939160819;26,5281598031347;19,9795816517908;17,8517455960078;39,9227885533538;17,9568728215238
37,9073855617851;64,398883953325;160,4025535762;38,7230443292133;58,2989698056983;30,0219467344649;19,5062432030868;19,9876058341761;18,0571877958981;39,9526263589629;17,9835856519343
-88,3163141587218;54,7582258065425;-116,757859509534;45,6406788128656;60,5835738519237;27,4993531181475;23,0758463502226;20,2084381573034;17,9926809361034;39,9985324649652;17,9714303463775
454,928460787794;164,594621951967;984,346202729892;34,9684355281955;56,30814347644;31,0808397314563;16,8897713579436;20,0906417557131;17,9434583092811;40,0226924131994;18,0015588374563
-782,262575120817;-190,450252981662;-1622,47669102151;39,6508837579008;60,2430466514874;31,7821585331466;18,5283984214201;20,1507417209046;17,9489888678649;40,1620814404379;18,0488208092242
-50,6105805720423;3,68342528107897;-228,199569168159;34,2680771055842;58,0043386017611;28,4048573359899;15,0678328239037;20,1573379476366;18,0364017508367;40,09571034244;17,9960634665963
-636,981269295041;-110,005636797025;-1681,71390724058;39,3677323543572;59,1985334841315;31,7877271688694;20,1743401917886;20,2040821867398;18,2437722542782;39,8059768145582;17,996857309764
111,090939757375;62,5105063063417;329,460037434954;41,0950059521155;59,9724530835742;27,1687462691329;17,9202158539021;19,9327097381054;17,910558650968;39,8515832264231;17,9676760790296
648,812134335186;165,430991512295;1347,6717796721;37,2955324761765;58,1037590407557;28,4689123829901;17,5629524653469;19,9181802253332;17,9184003328225;40,0377994941409;18,0726407136881
-429,845767020063;-88,3559934777683;-1237,25990171496;36,3726322891553;60,4150664188003;33,159823349066;18,7838024168067;19,9832978198799;18,070090871324;40,0558958496353;18,0349482320029
603,593409847178;225,217533257702;1856,53671477963;41,9498496298932;62,4967256064597;29,9780976615028;22,3314427939663;20,0234251778053;18,0866040253205;39,9345213663086;17,9804665031334
-425,294134042516;-44,1089690448246;-917,90061530655;40,0346885746251;58,1593790280275;28,1666308362126;20,2724975834736;19,9619757695466;17,8933433545855;40,1791424907799;18,0466762530459
-613,837417291366;-76,135691457713;-1609,07391276145;42,0031933109895;60,5745473428945;34,940029839025;24,1862210538901;20,0250599379336;17,904946328613;40,0230656176076;17,8730505959581
-269,525299633592;31,6326985567507;-716,647184565368;42,381062586827;61,7695946976295;31,9837627391344;24,5707393823473;19,9449646367673;18,0373119324616;40,1682713285434;17,9977162193735
289,31634809417;38,7307459106585;781,277709143927;40,7337057454194;60,2851262459192;31,2212559624218;21,7521867013243;20,0371153480242;18,0637755718412;39,9774250566224;17,9003060330628
638,788168184864;196,759589540779;1518,74040439139;37,7259046894064;60,8842327290413;31,2985669781088;19,4887704765418;20,0085968105917;17,9937855889017;39,9503308054551;18,0479239694223
215,993858494675;105,169683337656;796,656309218475;41,5256960703283;59,8077378887972;28,0093764995788;18,3973814868842;19,9920514749951;18,0921643638096;40,1019458445923;17,9859040783404
-233,083238011864;-24,7896972962727;-698,065163528565;41,0356654960704;61,3099061298959;30,8790731717913;20,8358569921562;19,9379703863957;17,9811403577584;39,8921086534173;17,8327689213893
-62,0221308539303;-23,8689883529102;-226,200351729932;38,9503505900341;59,3993140729473;27,3286676619632;16,4863841366857;20,019828544093;18,0439255132229;40,0853487937683;18,0543672768958
651,462065406455;247,965405182643;1589,83422971173;36,7515485419639;59,1050385835929;31,3210317409865;17,9478278133482;19,9839866793654;18,0255814518266;39,8542974031795;17,862396571916
-56,2797971727723;34,3896964344365;-78,5565469273173;40,5077637878028;59,9752627828705;32,0904799506232;22,585431953581;19,9873097152611;18,1174357617;40,1023756567581;18,0998584502331
391,897291013012;103,196502038429;867,75960390138;37,7686041471086;58,8953938449543;30,2324296950599;19,8063805818331;20,015335600304;18,0164940497338;40,0222835836011;17,8730743987217
230,716778296431;94,3940327705484;165,2006211159;42,9670711821486;59,1831437397462;24,4672931577004;19,3765332474452;20,0798935024052;18,0360904074576;40,0801521105403;18,0421239267474
-182,689602638346;13,1756067489791;-368,024879405902;38,2975325448411;59,5470832894067;32,6572085197603;20,5269769216009;19,9352713878071;18,0041756030911;40,0915961178249;18,0959936758458
350,219188982256;123,765797459589;952,920451253678;36,6484196247854;58,9198854443518;33,18651379213;19,9144599675224;20,086385784162;18,1414186002493;40,0775425896276;17,9956045947736
-108,110471715456;35,9597027882539;-529,909299897116;44,8400436359379;61,9641757632971;28,6111900080571;23,8879033449937;20,090908255862;18,0772392500067;40,0032851964057;17,9561657137487
-251,850545549857;-14,7371815175369;-663,660217123218;41,1337078631061;59,4654020109562;29,0783975553963;19,3460503667303;19,9498372699896;17,9979516516018;40,0565434754392;18,0558582052343
11,6969270851817;20,6051669414287;7,67040738047041;39,6432824889989;59,7281769910118;29,2023511051617;20,2071097826533;20,1490377326146;18,036299949885;40,0508697047987;17,9783636397263
-314,579953683143;-33,9484825274134;-788,936141326723;40,1197007805596;60,4744068712615;26,549743060547;18,7696254940167;20,0051782388962;17,9955826803642;39,9154946651061;17,8806733480454
268,658360706264;115,500011075552;804,661979693341;36,9288089435009;58,3815819917862;30,834237430263;18,2036126285834;20,0180701987114;18,1052798446341;39,9422756386962;18,0312742634299
-119,231659995714;25,9579999405458;-281,787255018412;42,5472201193693;61,0548179592629;31,4442260725184;23,171589021572;20,1031637021948;18,065516323889;39,8006635727695;18,0539870922865
-145,476910927185;-41,0095017294858;-402,055710624604;38,6731550424063;62,5979330029446;37,6823387444104;25,7595895342882;20,0256589317802;18,1725734614065;40,0029102457054;18,0172299471644
104,18180510745;16,543029434546;322,368554279929;39,8265696591089;60,6567465451315;32,5874614878244;22,6953943377364;20,0706268476143;18,227161220359;39,9830455811766;17,9218384636915
-120,357957058424;2,19334115494365;-220,949944795253;42,6003309396466;60,2663909927345;31,3773942246894;21,2195806620709;20,0423366189693;18,0904403166506;39,99842594018;17,9703593527433
87,0509303111129;50,7868225540197;-43,7667015929953;44,5792087373996;61,4008086172627;25,9127368255681;19,865446278826;20,0475794491134;18,1327252968327;40,0709466457619;17,9560174429167
-843,56007659636;-178,797418372592;-2021,03278592294;41,2599925234233;60,8623618555932;30,8970145698257;21,2741866076494;19,8755485013637;18,0100481320866;39,8945409453207;17,9495277497716
39,304264333534;-58,2412220428585;122,424455149696;37,5336447012606;58,3254334734558;29,4272183255106;17,3006997648261;20,0581823122928;17,959575480673;40,0766902104621;18,0283099952387
107,012002555091;3,27409582914655;142,958423426486;38,8629785726099;58,7334105374454;28,4600418006419;17,6804093542299;19,9150021485885;17,8547882563152;40,0683236989809;17,9969828603346
197,758738426728;108,880191455674;443,598547923251;42,8414801151318;60,9064302743767;30,3303899728092;22,1554672517127;19,8818659373496;17,8983542331948;39,9891195773004;18,1232079388926
160,360292911834;-18,3097673245503;307,988384071169;38,8413605475055;60,0832656600984;30,0729645150395;18,5786139172597;20,0601927892083;18,0351432822201;40,0964959924164;18,0675279677775
-141,65452540405;-62,5963560287364;-327,972414283308;42,2770473736065;60,8600993452804;29,6624902817543;18,7527496273259;19,9753210210599;17,871774962001;40,182687788752;18,0009747769601
-129,620949569427;-38,865424538081;-491,865878106273;36,5610284932388;57,8071385328102;28,6710513778105;15,0584964196928;19,902957109144;17,8620163158655;39,9846510606162;18,0111042718409
-92,518384839699;3,55028011154015;-335,23842842562;43,1125905419828;58,5850953446712;26,6356112772137;19,5973407652896;19,999928113681;17,9202715451293;39,8398081857549;17,8906676661428
-28,255187616001;-24,7369204376832;-194,483269028102;41,1606869976511;59,6655389242147;31,8157564303014;22,301688670538;20,1617215824189;18,1456393746295;39,9016486713263;17,8052189782057
307,906852344042;91,9079133444605;862,32834361444;35,2276529188507;59,4253315205274;29,8794527506759;16,6289441614189;19,8610995072466;17,8156438347408;40,1473998456027;18,0319789334397
63,952297068888;84,0519811013479;110,947029644626;36,7855755819395;58,8210979712964;33,1661233267584;20,4801760299103;19,8852120213178;18,0179920068691;39,9853833569287;18,0377163037477
22,8078469393727;19,7085677142191;355,937464871658;41,024628788373;61,4914279996339;29,6910966419037;20,8477080022136;20,0358624384421;18,1487326215581;39,9497911550651;18,0253744693053
490,686237363836;151,447695479088;1051,0968120818;39,2947987269633;62,4180206797187;36,7853461333135;24,9419297508947;19,7755466334862;18,0269339911534;39,7716247761907;17,9146074800144
-34,0845902500765;-14,1368776490514;39,5326054710812;41,8042807757698;60,9196417950078;31,4290909827684;20,2967866952197;19,9977720039475;17,9674094501831;40,1107262468502;18,0937747302794
-122,620879965794;-44,1992765776599;-410,935404547376;45,403454108418;62,0042919780807;31,9786118830481;23,8938694634597;19,9066118046872;17,8554179968873;39,998383901577;17,9459508779087
340,225887659301;132,894519059472;971,466964214231;37,4775576495293;58,0273150701362;25,7112023226408;16,7313323949621;20,0221429540525;18,0049296848792;39,9709820961126;18,0358498715106
-343,142146631443;-114,541821120521;-1012,06478132793;42,5487352015287;62,1449907854758;35,5386754378695;24,625714478281;20,156581774512;17,8873222257222;40,1059184403286;18,0465629370692
-771,11794555343;-174,163025670688;-1580,5330736549;40,6668190067573;61,4054548437916;30,50833573448;20,4579747649292;20,0398457361546;18,1254359356696;39,996066407298;18,036567226494
263,268328271999;153,626070437901;642,772712385582;40,3613643953875;60,2898669807803;29,8032174829889;21,4710775610386;20,1022976646154;17,9023705705525;39,9918845094549;17,9586043355918
386,864262562746;126,137520303118;954,676853995027;43,2513474545384;62,5342679083796;33,1027035533603;23,4300302289987;20,1864118762884;18,0806575075652;39,9216337157214;18,0547006002843
-7,18726628936262;18,5392392205518;-4,74236622598438;43,7407371522943;61,1311481444598;31,4260378486885;22,417222507833;20,0745974077344;17,9913655219757;39,9762143626372;17,9175055909846
-179,607078660058;-57,0433007748695;-658,709246733151;41,7353392213213;61,2986842285099;32,3718313954284;24,3214159362298;19,9562019265752;17,9753551887351;40,1377075678548;18,1601823459151
45,1712769598358;33,8685391050214;128,313013930155;39,922125086921;60,79432144044;35,1607597557391;23,3793996983279;20,1120719495667;18,2482538297213;40,0590442184836;18,0248918655781
-122,901042457544;-54,9427554063828;-192,614938234397;43,4092908604226;62,9178868847134;30,8937558903698;24,4635176674907;19,876168191831;18,0903335925571;39,8483143016697;17,9495197308492
33,9339924718488;-51,5253675505788;-43,8697079003683;36,0412835196058;59,6043806449947;31,6758576399015;19,1949154395322;19,8623594046476;17,9150085242852;39,7962502932644;17,8140546311112
466,52717387196;201,113490654275;1155,83134459234;35,6690406369561;58,4666862961896;29,9218165216441;17,0438030000552;19,7598534142779;17,9612562759998;40,1770148027576;18,0080543599807
-222,819794439161;-37,6125935964058;-471,644914098409;35,2684531288781;58,1534660673403;28,2402911601094;16,5495750063656;20,0108303410429;18,0044874466887;39,9073621909265;17,9636765128532
22,2595463462367;-31,9445004277448;-211,817041605503;43,8632506453438;61,562264041976;31,5528536926368;22,8842908510625;19,8373509890807;17,7925443979146;40,2316105043375;18,1722982988882
55,7030406572643;39,0687780479987;40,1174580894398;42,5477895025366;62,9671848693306;30,305401485747;22,92982763368;19,961532187273;17,9196505808152;40,0280429049503;18,0113715139967
-401,652507191675;-187,830109616737;-953,283403799403;37,7807263381392;61,9181867601614;32,7525443199484;19,9925733081961;19,9962579769773;17,9575347603494;39,9416883941521;17,9444661759041
-420,299884157457;-94,6323840375267;-1170,79078993378;47,6418191544161;61,1388538357133;28,6406303449647;25,1291177461966;20,0223567304211;18,1146180928458;39,9998050078804;17,956923218973
-269,77902599871;-53,2481337504381;-704,883752628133;41,3648214908632;59,5594307838626;26,7421122972161;19,1530328153356;20,0074766077271;18,0721965871472;39,9919682029492;18,0586313510783
-59,7148550735724;1,59152744167714;-368,016298214844;40,4168751319783;58,9259427128423;24,7737911630984;15,8807490659806;20,0502181033742;18,0249268121169;40,0709558436439;17,9669467178635
-173,329586453926;21,4025592138651;-478,894800057921;40,0431025163187;58,0231106978112;26,7274804993234;15,9678585505534;19,8404301270528;17,9499671382287;39,738177130551;17,964248015456
612,540888950179;252,309817166539;1605,85628469982;41,0057015503407;59,8915794976466;32,6969640655205;21,8545093546876;20,0478129560625;17,9647887105766;39,9469707317906;17,9894591765803
174,78092806044;92,0218343019928;175,398295407924;41,4073749307917;61,7232634614125;32,7238720234681;22,1579552635571;19,9344756160705;18,034380985759;39,819349348211;17,9593761669372
-591,919332650224;-129,341725424175;-1532,8036844106;41,3793740980435;60,0373135409352;29,1415314014407;19,5759024954995;19,9963589000656;17,9417249711005;40,0723797493216;18,0552911865036
77,5258438138337;56,3215384862604;-24,3746238985007;39,4860445838345;62,4043438465981;35,1104649898398;23,7216581721276;19,8224855462275;17,8789136009334;40,0534065273138;17,972011867029
328,431388070272;100,373883259142;807,154663684034;40,9530562161145;60,9492436939809;29,1163935881157;21,7935230000144;20,0338385506425;18,0339670148763;40,1323675233126;18,1105655310602
462,115882121492;130,686897160676;1087,33927846156;43,3644895901613;59,0655749951868;26,6808092611152;17,7690023482087;19,8055614224445;17,9062944702602;40,2440801966645;18,1127493634672
199,999711677948;172,998993822057;543,202334397442;39,8583729228275;60,8972164672484;33,1189140935688;20,8505806674428;19,936930725127;17,8895982024538;40,0848636521274;18,0489023208049
-19,1241772345625;68,0916342435187;1,73712737038329;42,9309194481801;61,7204634335051;31,1304187017771;23,5939671103445;19,8464660944642;17,8311565741798;39,9341317427923;17,9106974462861
-446,140650170151;-53,0093605123784;-1005,42397079468;41,1765522856448;61,447434744215;32,1353784311207;23,1742496533444;20,0991068304429;18,1257408301922;40,1214247350916;18,1668277654372
-13,8959715701958;18,9921130263702;-301,275083139929;42,4687376977916;59,3619448236258;28,0633170036809;21,8528672398752;20,2247718980221;18,1746867040214;39,9829907703245;17,9602502013983
-344,45064028915;-96,8690125098024;-1028,67889745534;40,1706061873161;59,7817564680543;32,5580892498665;21,3444982239584;20,0959042047867;18,0823967834853;40,1930179253562;17,9529023030006
123,177212060986;107,391159270134;323,363407105609;39,0164754062199;57,5967642828112;25,5253025909835;14,9784919912022;19,769903164836;17,8431034330792;40,0262256095195;17,8965100680045
-229,510369185014;-3,29296828749747;-370,077338484014;38,0404816961084;59,4659872718541;28,9045669347928;19,4073180823222;19,8234763678888;17,9338879015185;40,0909541915009;18,00603681355
416,330359196519;149,142147116253;1321,57976544242;42,145135587015;60,3228875401034;31,6129250628337;21,3330634294957;19,8730046228924;17,953829568071;40,1387078763951;18,1112678531154
-426,170056106047;-114,362789978413;-1040,82154488849;39,9232859104926;58,5237081305161;31,6180039949493;19,3851052469962;20,0636209862391;18,0632529503125;39,9169078164252;17,934858288299
-142,26140020822;-26,3793994859559;-377,386477332991;38,976922727021;59,3153424493834;23,341162907466;15,9883300158027;19,9696181762421;17,942128106044;40,0895040948688;17,9946893055134
325,472631338457;75,2878036198458;808,945991991187;37,1375609521792;57,8137241554548;29,0594548055666;15,6693276549077;19,9703675415599;17,8346837485312;40,1585684943633;17,9803821818301
-614,053914624996;-142,952478843417;-1484,75569587726;40,7064603526589;59,2544539514375;32,1448816886963;20,6718881003951;20,0904479597433;18,0107898460793;39,9954792299942;18,0584504831232
95,6708954381934;62,3995036222679;155,187535831064;44,0375006642264;62,9692229940623;33,223926900074;24,584482071871;19,9886415766271;18,1656085799545;40,1368280686511;18,0946843735967
170,963731584579;58,184814315649;555,607415069047;37,5046445669301;58,6266035326656;25,4980152722267;14,8134859548893;20,2129534954227;18,1000915920427;39,982524188744;18,0080063688322
120,394606920633;-5,28189935056353;520,135197087899;39,057001461015;59,0129251290843;25,9888937517784;16,3005586283977;19,9025764627622;17,9730783342194;39,9031124545157;17,9615369890389
98,1559325413226;65,5727988834842;245,492700241229;39,4633883119432;60,7618498699813;32,0819538685347;22,6626439342531;20,0318052474907;17,9829033145003;39,8812579223803;18,0073395105111
178,377608948413;47,7900396188794;241,909867250236;39,7430101464602;59,6484398859785;30,1902820680236;19,1985159746214;19,999422010934;18,1846999068328;40,1168028145797;17,9368814091828
260,251003792741;129,559201244958;673,272990796341;33,5795366010912;59,7315021204741;31,6643891144768;18,3618530283242;20,0975595416471;18,0599597816994;39,8437023833002;17,9451650849211
-9,63271799670895;75,0694457824787;-238,249098686609;42,8047889390786;59,8721777022171;27,4625605003372;20,4783394395197;19,9144340774935;17,8355242670346;40,0706326123976;18,1780698378803
343,256239496971;146,17471274989;871,172878676302;41,3084027245159;61,5739427515058;33,3710209364096;24,3228657398265;19,9809291204466;17,9523110959976;40,1382898666979;18,0884198673047
-193,60319868817;9,4868208259644;-613,913160453806;41,3491559743734;60,2971334394694;27,3138240136036;18,5149558041458;20,000650208478;18,0441866244033;40,0376989156702;17,9114295806814
-837,554301205993;-269,027587193489;-2140,73280985817;34,5487857158985;56,3882560874273;29,4986885470131;15,5589533839625;19,9905750905544;18,1027100878898;40,1379798197961;17,9932016756933
141,325381579155;53,2923633959082;259,91558155956;40,5573287611728;59,9017818024311;27,4146349389661;19,6002257505184;19,9450443982105;18,1158058636162;40,0712898169134;17,9907308888622
-21,7503852131985;37,9323735647615;189,338718005784;37,5039489004196;58,1387082340038;31,7960271387004;19,0259528311779;20,0048566086211;17,8868611958817;39,9335879877204;17,9249641499752
636,953246918297;161,124843656604;1336,86760134293;41,0447430132241;57,0033402680203;24,1078217106582;15,183408451679;19,9759768176397;18,0368418130524;40,0349539950624;18,033592053508
-320,633327463374;-102,312594012848;-959,825310260211;38,8039793227299;60,8830871616015;34,0256060411029;21,8624183287555;19,9223644663104;17,9300661205468;40,0434671599666;17,9787726829841
84,2456700753451;86,1728141185026;413,740448740564;40,9603338329817;59,7920307126395;29,0457364584543;19,177232230554;20,0547015069713;18,1618561848984;40,0739304407897;18,072101117378
-186,504641766653;-54,3834214675975;-462,822805868904;40,6131844013264;61,6405255101927;31,0425873434747;20,0671655354294;20,1508380231318;18,2731025209435;39,7582690868235;17,8514826907828
-167,03581326594;-13,4883057227289;-395,97071387647;38,9226015838979;58,6621098029848;27,0800321739952;16,2311956128833;19,8689101542423;17,937875398444;39,9990061751643;18,0639129687334
450,270591043179;144,81352829923;938,887492447174;40,096519019798;59,6307075221048;29,5235825136626;18,7240269736863;20,1894233272525;18,1378756518357;40,1052628108387;18,1187627985054
-429,635694076181;-36,464764275695;-1092,81814084952;39,0077675784053;61,4046334530273;32,5077435595471;20,1036129691317;19,9519596117904;17,9986945515402;39,9639517075236;18,1734732986111
121,962285130468;36,465085503049;346,751555302123;37,3681715768157;56,4268067877031;24,6803246036014;12,7736510211439;20,0909364627408;18,0836847971472;39,9456994932107;17,8910618523592
2,03750752271888;-6,48046212476792;-169,242837611067;38,9840401913474;60,0417201107933;31,5871437458608;20,3404909305313;19,9941668188879;18,1259362158223;40,1091107961068;18,0026463558728
-278,216876996621;-62,8952007397671;-862,27400359948;41,5794788926836;59,7009660562519;26,5607074177559;19,2030524446351;20,0615342531928;18,0963312213723;39,9836180253599;18,0447757050009
117,58150090357;-9,42561790026256;191,549818399072;43,2340709587635;61,2664508920986;28,007989913635;20,933472366183;19,9990258766635;17,9691924857221;40,2229083235827;18,1160027064731
311,776306254921;118,895598657963;1103,94055171228;38,8561679434368;58,4994104835638;26,5779395722431;16,6616843707902;19,9632357940089;18,1203973082813;40,1927717764204;18,0752037453705
-151,267857214561;10,2090471819381;-572,946745498739;38,5456969967166;62,3523728057835;30,6634412059379;19,8858936528474;19,9617290036994;18,1414202577445;39,8297406294367;17,9832876634853
616,555521732299;231,413168522709;1632,33776616341;42,0447004573735;60,6840622736515;28,8588028489157;21,5107446243086;19,9399721144701;18,0606086892307;40,001031756485;17,9590278115299
245,158030593566;74,0935359566366;253,09113624221;42,4697828589785;59,1522820408836;26,621363014882;21,006850988494;19,9489744594222;18,2538318090575;40,1463780999114;18,1122052018544
-109,048676734739;-35,8319770845709;-335,596026505426;40,9523811605534;58,7183476550821;28,3262937388185;19,3416569145584;19,9222308535877;17,7824287368026;40,0162825678098;18,0318945246281
293,846428859892;97,9511687141724;801,095159309571;42,8796656216536;61,7088713499486;32,2208390043367;23,410654116461;20,1226258406784;18,1146708353651;40,0464187921905;17,942893102714
359,894240121217;139,614645015962;761,862487564542;40,7394384367032;61,4832405735712;30,4203045459149;21,6250795270125;19,8350539341355;17,7261071094492;39,9945244828123;17,9455853055355
-210,787038532321;-69,4936260171662;-785,116616304564;36,7157263486825;58,1570426390491;23,8644503697132;13,8034226348856;19,9686114956559;18,0136222867754;39,9917368602474;17,8806154994852
540,543802704874;218,852274926373;1269,07845127746;41,8338405058141;61,3577249440657;33,7508261015576;24,2722534908371;20,0354637101621;18,0243116501226;40,040761976397;18,003329636415
-14,7364719536979;32,3280977674568;-9,8818031478345;43,2138338666214;60,6272917453518;28,4521650657474;21,5158517407782;19,935118026862;17,8265795688374;40,0525106627452;17,8526631177651
248,928164016623;134,51283134045;621,246247833847;36,1542167554372;60,1765307144542;35,1437679643491;21,3826799456061;20,0639446897751;18,1125155371835;39,7378052262846;17,9293446842107
17,7231595387445;76,4116266116859;-40,8683891923215;39,8883223152374;61,5601059807838;30,8313440474318;19,6605214858442;19,9529617754922;17,9740207987937;39,9502453632044;17,9379347030858
-9,39122251301916;60,8353803014391;71,1551705702434;38,1113457549148;57,1117402875633;28,0628143844951;16,6807550525475;19,9805513500544;18,2150985455875;40,0436996932943;17,9508812501356
-198,993133584603;-22,5015503253935;-326,995856515386;44,3001456849315;60,3798946432763;30,0356538270956;22,0748111984881;19,9420063391067;17,997977118685;40,2061520176033;17,9668968936287
77,1030026531528;118,448560686821;292,050920467684;43,8395358316845;62,934680958707;30,2960498617839;24,2644325316048;20,0651440048428;18,0902599625951;40,0092035738019;18,030767432035
